fitur1,fitur2,fitur3,fitur4,fitur5
1,0.161377910539216,0.931265573937908,0.968248033571292,0.17433072818696
2,0.161645986519608,0.933514567285247,0.926794590578626,0.272369242004136
3,0.280978094362745,0.92199182732989,0.964966450634797,0.165426233710348
4,0.18761106004902,0.924415079182715,0.966296136627955,0.148596840799428
5,0.136485140931373,0.940653002086251,0.960938943762779,0.218616346764775
6,0.353172038045988,0.899057514489312,0.943402993412085,0.131729171924334
