fitur1,fitur2,fitur3,fitur4,fitur5
1,14.7128712871287,0.529564474304573,0.114477365015022,0.097667844213258
2,14.7916666666667,0.537926292629263,0.226140773134711,0.10157696617434
3,15.6219059405941,0.481298989273928,0.151188906128556,0.0645390072732521
4,9.28341584158416,0.608041239391796,0.421256788092992,0.128288799641103
5,8.35643564356435,0.650663994970926,0.569566419510768,0.133679747151695
