user,token,akurasi,waktu_pemrosesan,memori,kompleksitas
dummy,345677,1,24,2,2
edward,14989,0.5,0.219687,6115328,4393.74
edward,13118,1,0.2000451,12840960,4000.902
purwa manggala,12556,1,0.285466,6651904,5709.32
